题目,0.964340167,1.099226473,0.813989899,1.155544627,1.108901816,,1.6685E-07,4.72856E-07,-1.0101E-07,-3.73344E-07,-1.84382E-07,,4.35018E-13
金华市,0.98108747,0.994597636,0.835820896,1.134672619,0.990604027,,0.01674747,-0.104628364,0.021830896,-0.020872381,-0.118297973,,0.026134227
黄山市,0.983732057,0.998288442,0.804347826,1.123222749,0.981651376,,0.019392057,-0.100937558,-0.009642174,-0.032322251,-0.127250624,,0.027894863
沈阳市,0.978594856,0.986218777,0.886153846,1.112514805,0.987491771,,0.014254856,-0.113007223,0.072163846,-0.043030195,-0.121410229,,0.034773496
湖州市,0.994725275,0.98810613,0.769230769,1.126470588,0.963157895,,0.030385275,-0.11111987,-0.044759231,-0.029074412,-0.145744105,,0.037360945
衢州市,1.027424094,0.992446756,0.906542056,1.140226629,0.989010989,,0.063084094,-0.106779244,0.092552056,-0.015318371,-0.119891011,,0.0385558
长春市,0.987012395,0.99140625,0.913580247,1.1038163,0.989003881,,0.022672395,-0.10781975,0.099590247,-0.0517287,-0.119898119,,0.039108771
天津市(县),0.98630137,0.984326019,0.804347826,1.1272509,0.950844854,,0.02196137,-0.114899981,-0.009642174,-0.0282941,-0.158057146,,0.039559896
邢台市,0.986888361,0.981363413,0.919152276,1.107834101,0.989942529,,0.022548361,-0.117862587,0.105162276,-0.047710899,-0.118959471,,0.041886808
吉林市,0.988023952,0.998550292,0.930555556,1.06742281,1.007224564,,0.023683952,-0.100675708,0.116565556,-0.08812219,-0.101677436,,0.042387878
绍兴市,0.985109199,0.996061515,0.895833333,1.133280757,0.953594177,,0.020769199,-0.103164485,0.081843333,-0.022264243,-0.155307823,,0.042388818
镇江市,0.9789385,0.983651226,0.842105263,1.102777778,0.94873817,,0.0145985,-0.115574774,0.028115263,-0.052767222,-0.16016383,,0.042797945
哈尔滨市,0.992258665,0.998542233,0.936645963,1.098386587,0.987227648,,0.027918665,-0.100683767,0.122655963,-0.057158413,-0.121674352,,0.04403289
苏州市,0.938455508,0.970149254,0.733333333,1.13198324,0.965811966,,-0.025884492,-0.129076746,-0.080656667,-0.02356176,-0.143090034,,0.044866226
锦州市,0.987633429,0.990033223,0.964223386,1.109510086,1.020277481,,0.023293429,-0.109192777,0.150233386,-0.046034914,-0.088624519,,0.045009235
铁岭市,0.989061257,0.998613037,0.949152542,1.073757764,1.010463378,,0.024721257,-0.100612963,0.135162542,-0.081787236,-0.098438622,,0.045382336
浙江省,0.993959732,0.992122754,0.912708601,1.138995842,0.956184568,,0.029619732,-0.107103246,0.098718601,-0.016549158,-0.152717432,,0.045690285
杭州市,0.969259145,0.993238851,0.935849057,1.155074704,0.967725919,,0.004919145,-0.105987149,0.121859057,-0.000470296,-0.141176081,,0.046038011
安徽省,0.993307451,0.990090106,0.902640264,1.06386054,0.974794737,,0.028967451,-0.109135894,0.088650264,-0.09168446,-0.134107263,,0.046999424
盐城市,0.996189871,0.958333333,0.826446281,1.082280531,0.964996022,,0.031849871,-0.140892667,0.012456281,-0.073264469,-0.143905978,,0.04709693
南京市,0.978711639,0.957885305,0.860465116,1.101772152,0.960820896,,0.014371639,-0.141340695,0.046475116,-0.053772848,-0.148081104,,0.047163205
佳木斯市,0.999314644,0.998519615,0.937419355,1.061411549,1,,0.034974644,-0.100706385,0.123429355,-0.094133451,-0.108902,,0.047320559
江苏省,0.990938521,0.972979798,0.87933635,1.083710495,0.962771123,,0.026598521,-0.126246202,0.06534635,-0.071834505,-0.146130877,,0.04743016
常州市,0.99339207,0.992982456,0.75,1.101393189,0.939704209,,0.02905207,-0.106243544,-0.06399,-0.054151811,-0.169197791,,0.047786745
嘉兴市,0.991661321,0.975609756,0.706666667,1.101164483,0.975840336,,0.027321321,-0.123616244,-0.107323333,-0.054380517,-0.133061664,,0.048208375
本溪市,0.975232198,0.998286636,0.963190184,1.098790323,0.995594714,,0.010892198,-0.100939364,0.149200184,-0.056754677,-0.113307286,,0.048627725
石家庄市,0.99954202,0.990530303,0.967223253,1.095395948,1.012687428,,0.03520202,-0.108695697,0.153233253,-0.060149052,-0.096214572,,0.049409519
沧州市,0.99425433,0.958715596,0.898916968,1.076131045,0.983900644,,0.02991433,-0.140510404,0.084926968,-0.079413955,-0.125001356,,0.049782546
大连市,0.984355247,0.991175432,0.949377593,1.096394408,0.982119494,,0.020015247,-0.108050568,0.135387593,-0.059150592,-0.126782506,,0.049977932
营口市,0.976515565,0.996709444,0.961956522,1.075144509,1.003311258,,0.012175565,-0.102516556,0.147966522,-0.080400491,-0.105590742,,0.050165624
衡水市,0.990638895,0.951754386,0.882352941,1.083042973,0.973913043,,0.026298895,-0.147471614,0.068362941,-0.072502027,-0.134988957,,0.050591563
丽水市,1.052417716,0.990281305,0.936,1.207436399,0.992101106,,0.088077716,-0.108944695,0.12201,0.051891399,-0.116800894,,0.050848237
天津市,0.977188013,0.969339623,0.79245283,1.082685041,0.941231562,,0.012848013,-0.129886377,-0.02153717,-0.072859959,-0.167670438,,0.050921342
辽源市,0.993583162,0.998252359,0.944444444,1.041493776,1.008230453,,0.029243162,-0.100973641,0.130454444,-0.114051224,-0.100671547,,0.051211643
鸡西市,1.003591516,0.998726694,0.92,1.027659574,0.997991464,,0.039251516,-0.100499306,0.10601,-0.127885426,-0.110910536,,0.051534741
温州市,0.995342466,0.990076954,0.944223108,1.136625514,0.961494253,,0.031002466,-0.109149046,0.130233108,-0.018919486,-0.147407747,,0.05192232
无锡市,0.955629506,0.994475138,0.685714286,1.096275072,0.963055417,,-0.008710494,-0.104750862,-0.128275714,-0.059269928,-0.145846583,,0.052287425
延边朝鲜族自治州,0.991516437,0.999284706,0.975914362,1.077625571,1.008791209,,0.027176437,-0.099941294,0.161924362,-0.077919429,-0.100110791,,0.053039928
邯郸市,0.982348881,0.989594173,0.948795181,1.091991786,0.971107544,,0.018008881,-0.109631827,0.134805181,-0.063553214,-0.137794456,,0.053542217
葫芦岛市,0.989802855,0.994355426,0.988114754,1.074792244,1.036764706,,0.025462855,-0.104870574,0.174124754,-0.080752756,-0.072137294,,0.053690421
七台河市,0.992860543,0.999016232,0.984293194,1.068571429,1.02892562,,0.028520543,-0.100209768,0.170303194,-0.086973571,-0.07997638,,0.05381922
滁州市,0.997026575,0.98921131,0.924398625,1.048007681,0.97769185,,0.032686575,-0.11001469,0.110408625,-0.107537319,-0.13121015,,0.054142087
丹东市,0.985266542,0.999048525,0.961363636,1.066315789,0.986803519,,0.020926542,-0.100177475,0.147373636,-0.089229211,-0.122098481,,0.055062326
四平市,0.995411902,0.996600742,0.967741935,1.0374488,1.029673591,,0.031071902,-0.102625258,0.153751935,-0.1180962,-0.079228409,,0.055360918
伊春市,1.000772798,0.999135453,0.975247525,1.040899796,1.035650624,,0.036432798,-0.100090547,0.161257525,-0.114645204,-0.073251376,,0.055858743
吉林省,0.994727709,0.998811646,0.976753159,1.065766295,1.006888206,,0.030387709,-0.100414354,0.162763159,-0.089778705,-0.102013794,,0.055965331
阿拉善盟,1.026049204,0.996510512,0.999137685,1.186788155,1.0288,,0.061709204,-0.102715488,0.185147685,0.031243155,-0.080102,,0.056030628
牡丹江市,0.996307182,0.999443018,0.975438596,1.061290323,1.004533092,,0.031967182,-0.099782982,0.161448596,-0.094254677,-0.104368908,,0.056821007
秦皇岛市,0.982608696,0.992880451,0.973790323,1.108133971,0.976702509,,0.018268696,-0.106345549,0.159800323,-0.047411029,-0.132199491,,0.056903775
呼和浩特市,0.989858491,0.988820772,0.987117733,1.122131148,0.992385787,,0.025518491,-0.110405228,0.173127733,-0.033413852,-0.116516213,,0.057506233
辽阳市,0.982381959,0.99846802,0.970588235,1.058285714,0.992021277,,0.018041959,-0.10075798,0.156598235,-0.097259286,-0.116880723,,0.058121162
太原市,0.993142857,0.990658683,0.977777778,1.122055675,0.975708502,,0.028802857,-0.108567317,0.163787778,-0.033489325,-0.133193498,,0.058304946
抚顺市,0.980871413,0.99894016,0.988721805,1.089337176,0.994,,0.016531413,-0.10028584,0.174731805,-0.066207824,-0.114902,,0.058447686
乌兰察布市,0.992703925,0.993786583,0.997702984,1.137829912,0.996203493,,0.028363925,-0.105439417,0.183712984,-0.017715088,-0.112698507,,0.058687221
锡林郭勒盟,1.009400055,0.997525019,0.998801449,1.143369176,0.998905309,,0.045060055,-0.101700981,0.184811449,-0.012175824,-0.109996691,,0.058776292
双鸭山市,0.998301246,0.999117812,0.970285714,1.049350649,0.999520843,,0.033961246,-0.100108188,0.156295714,-0.106194351,-0.109381157,,0.058844843
辽宁省,0.986632112,0.996557395,0.9819032,1.088330361,0.986028496,,0.022292112,-0.102668605,0.1679132,-0.067214639,-0.122873504,,0.058848329
包头市,0.992206983,0.99403794,0.996148099,1.126172208,0.994722955,,0.027866983,-0.10518806,0.182158099,-0.029372792,-0.114179045,,0.058922285
内蒙古自治区,1.007472486,0.997300809,0.996757586,1.111557565,1.000631433,,0.043132486,-0.101925191,0.182767586,-0.043987435,-0.108270567,,0.059310557
朔州市,0.998147836,0.99205136,0.989732569,1.094793057,0.997613365,,0.033807836,-0.10717464,0.175742569,-0.060751943,-0.111288635,,0.059590783
台州市,0.998269896,0.992634486,0.959349593,1.120784314,0.950609756,,0.033929896,-0.106591514,0.145359593,-0.034760686,-0.158292244,,0.05990714
白山市,0.984207558,0.998200571,0.991735537,1.079754601,0.997983871,,0.019867558,-0.101025429,0.177745537,-0.075790399,-0.110918129,,0.060241349
通化市,0.988649262,0.999213527,1,1.085991678,1.007072136,,0.024309262,-0.100012473,0.18601,-0.069553322,-0.101829864,,0.060400141
宁波市,0.975763016,0.995339667,0.912698413,1.150175791,0.909090909,,0.011423016,-0.103886333,0.098708413,-0.005369209,-0.199811091,,0.060619507
晋中市,0.997324773,0.996090794,0.987943161,1.074666667,0.997333333,,0.032984773,-0.103135206,0.173953161,-0.080878333,-0.111568667,,0.06097344
淮安市,0.997890592,0.996655518,0.962121212,1.055441478,0.976355119,,0.033550592,-0.102570482,0.148131212,-0.100103522,-0.132546881,,0.061178593
全国,0.99657568,0.995898923,0.996410192,1.107766909,0.989538615,,0.03223568,-0.103327077,0.182420192,-0.047778091,-0.119363385,,0.061523114
黑龙江省,0.999004151,0.999273413,0.97995992,1.05372434,0.996755036,,0.034664151,-0.099952587,0.16596992,-0.10182066,-0.112146964,,0.061682526
鹤岗市,0.997703372,0.998713508,0.978428351,1.040540541,1.007175473,,0.033363372,-0.100512492,0.164438351,-0.115004459,-0.101726527,,0.061830159
连云港市,1.008064516,0.990950226,0.875,1.04241517,0.930466238,,0.043724516,-0.108275774,0.06101,-0.11312983,-0.178435762,,0.061995376
呼伦贝尔市,1.006362329,0.999359442,0.997229596,1.08040201,1.00202977,,0.042022329,-0.099866558,0.183239596,-0.07514299,-0.10687223,,0.062384098
兴安盟,0.995377909,1.00101014,0.996724022,1.072463768,1.001336898,,0.031037909,-0.09821586,0.182734022,-0.083081232,-0.107565102,,0.062474172
白城市,1.009571014,1.002887193,0.977216749,1.035529238,1.006559767,,0.045231014,-0.096338807,0.163226749,-0.120015762,-0.102342233,,0.062847698
鞍山市,0.986649157,0.996444732,0.985964912,1.066030814,0.989304813,,0.022309157,-0.102781268,0.171974912,-0.089514186,-0.119597187,,0.062953335
大兴安岭地区,1.003018109,1.000189063,0.988636364,1.057522124,1.000967118,,0.038678109,-0.099036937,0.174646364,-0.098022876,-0.107934882,,0.063064086
巴彦淖尔市,1.024394874,0.995004163,0.997118784,1.104059041,0.997436495,,0.060054874,-0.104221837,0.183128784,-0.051485959,-0.111465505,,0.063080294
松原市,0.998941183,0.997377622,0.980938416,1.031578947,1.014747589,,0.034601183,-0.101848378,0.166948416,-0.123966053,-0.094154411,,0.063674743
盘锦市,0.989937107,0.949367089,0.815384615,1.273322422,0.945050946,,0.025597107,-0.149858911,0.001394615,0.117777422,-0.163851054,,0.063833539
阜新市,0.992964953,0.995722433,0.985495568,1.055030095,0.992805755,,0.028624953,-0.103503567,0.171505568,-0.100514905,-0.116096245,,0.06452812
晋城市,1,0.998184219,0.983276451,1.054545455,0.989247312,,0.03566,-0.101041781,0.169286451,-0.100999545,-0.119654688,,0.064657132
赤峰市,1.008298952,0.995440499,0.995476199,1.06619965,1.002355713,,0.043958952,-0.103785501,0.181486199,-0.08934535,-0.106546287,,0.064975763
齐齐哈尔市,1.002618182,0.995462369,0.9667789,1.028936743,0.992929923,,0.038278182,-0.103763631,0.1527889,-0.126608257,-0.115972077,,0.065055732
河北省,0.993771591,0.992875648,0.980665798,1.096174096,0.960057276,,0.029431591,-0.106350352,0.166675798,-0.059370904,-0.148844724,,0.065637094
张家口市,1.016652123,0.996796615,0.980978261,1.085972851,0.965986395,,0.052312123,-0.102429385,0.166988261,-0.069572149,-0.142915605,,0.066378571
天津市(市辖区),0.96951387,0.923809524,0.795180723,1.073124147,0.937331536,,0.00517387,-0.175416476,-0.018809277,-0.082420853,-0.171570464,,0.067381119
绥化市,0.999099099,0.998457683,0.988588008,1.047829938,0.990319865,,0.034759099,-0.100768317,0.174598008,-0.107715062,-0.118582135,,0.06751117
朝阳市,0.995286439,0.995692587,0.994802997,1.049013367,1,,0.030946439,-0.103533413,0.180812997,-0.106531633,-0.108902,,0.067578824
山西省,0.997148756,0.996620466,0.98996049,1.065733114,0.976670442,,0.032808756,-0.102605534,0.17597049,-0.089811886,-0.132231558,,0.068121283
承德市,0.9925546,0.996995465,0.998666222,1.111993646,0.964181994,,0.0282146,-0.102230535,0.184676222,-0.043551354,-0.144720006,,0.068193053
长治市,0.991877423,0.997723011,0.993288591,1.055602359,0.98615917,,0.027537423,-0.101502989,0.179298591,-0.099942641,-0.12274283,,0.068263485
吕梁市,0.996247898,0.997664966,0.989563307,1.075316928,0.96803653,,0.031907898,-0.101561034,0.175573307,-0.080228072,-0.14086547,,0.068438368
临汾市,0.997503941,0.997252017,0.990040928,1.042027194,0.993993994,,0.033163941,-0.101973983,0.176050928,-0.113517806,-0.114908006,,0.068582612
运城市,0.999340543,0.996813384,0.978078358,1.038095238,0.980482204,,0.035000543,-0.102412616,0.164088358,-0.117449762,-0.128419796,,0.068924462
黑河市,0.99861246,0.999488346,0.996621228,1.039054471,1.002724796,,0.03427246,-0.099737654,0.182631228,-0.116490529,-0.106177204,,0.069320009
大庆市,1.006514658,0.994239631,0.988270777,1.045090603,0.98998779,,0.042174658,-0.104986369,0.174280777,-0.110454397,-0.11891421,,0.069515392
北京市,0.952171362,0.994710892,0.998428908,1.079178886,0.971760797,,-0.012168638,-0.104515108,0.184438908,-0.076366114,-0.137141203,,0.069728687
通辽市,1.031073726,0.989483568,0.982749417,1.065169367,0.976923077,,0.066733726,-0.109742432,0.168759417,-0.090375633,-0.131978923,,0.070562724
泰州市,0.977448596,0.921052632,0.692307692,1.114951165,0.957446809,,0.013108596,-0.178173368,-0.121682308,-0.040593835,-0.151455191,,0.071310703
鄂尔多斯市,1.014903374,0.989291514,0.993518461,1.280632411,1.009240659,,0.050563374,-0.109934486,0.179528461,0.125087411,-0.099661341,,0.072451958
北京市(县),1.019316493,0.99824781,1,1.042296073,1,,0.054976493,-0.10097819,0.18601,-0.113248927,-0.108902,,0.072503695
舟山市,0.955922865,0.975641026,0.971428571,1.17888563,0.928767123,,-0.008417135,-0.123584974,0.157438571,0.02334063,-0.180134877,,0.073124357
鹰潭市,1.092356688,1.196345091,0.790909091,0.938875306,1.104166667,,0.128016688,0.097119091,-0.023080909,-0.216669694,-0.004735333,,0.073321298
阳泉市,0.992173913,0.99616041,0.986819484,1.076530612,0.947368421,,0.027833913,-0.10306559,0.172829484,-0.079014388,-0.161533579,,0.073603644
保定市,0.99142268,0.988493724,0.985024958,1.072944297,0.951365756,,0.02708268,-0.110732276,0.171034958,-0.082600703,-0.157536244,,0.07388861
忻州市,1.000631778,0.998081228,0.99275912,1.070190641,0.954954955,,0.036291778,-0.101144772,0.17876912,-0.085354359,-0.153947045,,0.074490816
北京市(市辖区),0.936356986,0.992598799,0.998330551,1.082424887,0.957198444,,-0.027983014,-0.106627201,0.184340551,-0.073120113,-0.151703556,,0.074494368
宿州市,0.998024863,0.938666667,0.927272727,1.039299242,0.960249415,,0.033684863,-0.160559333,0.113282727,-0.116245758,-0.148652585,,0.075357613
大同市,0.99382716,0.99521427,0.995713496,1.068599034,0.956928839,,0.02948716,-0.10401173,0.181723496,-0.086945966,-0.151973161,,0.075366804
廊坊市,0.986666667,0.858516484,0.831395349,1.145772595,0.97082658,,0.022326667,-0.240709516,0.017405349,-0.009772405,-0.13807542,,0.077902819
徐州市,0.993036366,0.978947368,0.978723404,1.051079877,0.951558551,,0.028696366,-0.120278632,0.164733404,-0.104465123,-0.157343449,,0.078097448
乌海市,0.803030303,0.940594059,0.95721187,1.139318885,1.2,,-0.161309697,-0.158631941,0.14322187,-0.016226115,0.091098,,0.080259547
上海市,1.005270555,0.915678524,0.72,1.07483531,0.936469447,,0.040930555,-0.183547476,-0.09399,-0.08070969,-0.172432553,,0.080446146
唐山市,0.98803601,0.978375219,0.97137746,1.11203752,0.911132813,,0.02369601,-0.120850781,0.15738746,-0.04350748,-0.197769188,,0.080942777
江苏省岛屿,1,1,1,1,0.999502488,,0.03566,-0.099226,0.18601,-0.155545,-0.109399512,,0.081879655
岛屿,1,1,1,1,0.98816568,,0.03566,-0.099226,0.18601,-0.155545,-0.12073632,,0.084488661
昌都地区,0.998161765,1.000032691,1.000080864,0.969135802,1,,0.033821765,-0.099193309,0.186090864,-0.186409198,-0.108902,,0.092221068
蚌埠市,0.994725738,0.912087912,1,1.063279857,0.974184783,,0.030385738,-0.187138088,0.18601,-0.092265143,-0.134717217,,0.097205262
阜阳市,0.990318965,0.908424908,1,1.044981413,0.988147224,,0.025978965,-0.190801092,0.18601,-0.110563587,-0.120754776,,0.098485706
上海市(市辖区),0.998979071,0.888246628,0.739130435,1.067709815,0.879690292,,0.034639071,-0.210979372,-0.074859565,-0.087835185,-0.229211708,,0.111569142
上海市(县),1.019165727,0.975,0.5,1.164285714,0.973421927,,0.054825727,-0.124226,-0.31399,0.008740714,-0.135480073,,0.13545893
扬州市,1.002809646,0.974358974,0.5,1.070604209,0.964663244,,0.038469646,-0.124867026,-0.31399,-0.084940791,-0.144238756,,0.143681165
安庆市,0.845112334,0.92610894,0.787671233,0.887297921,0.815857988,,-0.119227666,-0.17311706,-0.026318767,-0.268247079,-0.293044012,,0.202708718
崇左市,1.276160889,1.319111631,0.985,0.923664122,0.936139332,,0.311820889,0.219885631,0.17101,-0.231880878,-0.172762668,,0.258442059
淮北市,0.983953033,0.94488189,1.285714286,1.06162465,0.96107056,,0.019613033,-0.15434411,0.471724286,-0.09392035,-0.14783144,,0.277405744
惠州市,0.945560018,0.647764241,0.912547529,1.030389364,0.88993923,,-0.018779982,-0.451461759,0.098557529,-0.125155636,-0.21896277,,0.277492622
宜春市,1.072095123,0.60250885,0.767722474,1.063561989,0.967222222,,0.107755123,-0.49671715,-0.046267526,-0.091983011,-0.141679778,,0.289013811
随州市,1.270342079,0.933943592,0.709939148,1.159459459,0.692116698,,0.306002079,-0.165282408,-0.104050852,0.003914459,-0.416785302,,0.305507438
玉林市,0.750568299,1.446917808,1.045283019,1.236396075,0.783256881,,-0.213771701,0.347691808,0.231293019,0.080851075,-0.325645119,,0.332666034
文山壮族苗族自治州,1.019276868,0.971687697,0.650154117,0.723577236,0.662251656,,0.054936868,-0.127538303,-0.163835883,-0.431967764,-0.446650344,,0.432218954
威海市,0.538292817,0.980227681,0.769911504,0.671836228,1.024691358,,-0.426047183,-0.118998319,-0.044078496,-0.483708772,-0.084210642,,0.438685324
怀化市,0.941761887,1.407344792,0.455967078,0.71419478,0.947880473,,-0.022578113,0.308118792,-0.358022922,-0.44135022,-0.161021527,,0.444345322
龙岩市,0.695652174,0.747657449,1.008130081,1.109459459,0.644128114,,-0.268687826,-0.351568551,0.194140081,-0.046085541,-0.464773886,,0.451622607
漳州市,1.227169468,1.054958043,0.839483395,0.572227874,1.349785408,,0.262829468,-0.044267957,0.025493395,-0.583317126,0.240883408,,0.46997258
永州市,1.204368175,1.083663719,1.333698031,1.318412162,1.464903357,,0.240028175,-0.015562281,0.519708031,0.162867162,0.356001357,,0.481214825
桂林市,0.933698527,1.663356803,1.077411901,1.455367232,1.227777778,,-0.030641473,0.564130803,0.263421901,0.299822232,0.118875778,,0.492598382
抚州市,0.719332679,1.15578597,1.138339921,0.621370499,0.793778802,,-0.245007321,0.05655997,0.324349921,-0.534174501,-0.315123198,,0.553075516
吉安市,1.011884809,0.593759266,0.73012318,0.608102844,0.97826087,,0.047544809,-0.505466734,-0.08386682,-0.547442156,-0.13064113,,0.58155079
日照市,1.23239197,0.71586038,0.739130435,0.842391304,0.591208791,,0.26805197,-0.38336562,-0.074859565,-0.313153696,-0.517693209,,0.590496508
贵港市,1.522627278,0.911573472,0.433823529,1.355663825,0.863501484,,0.558287278,-0.187652528,-0.380166471,0.200118825,-0.245400516,,0.591693659
保山市,1.313570487,1.323319343,1.129574085,1.162790698,0.529722589,,0.349230487,0.224093343,0.315584085,0.007245698,-0.579179411,,0.607274365
南通市,0.991799612,1.166666667,1.588235294,1.086308356,0.956881943,,0.027459612,0.067440667,0.774245294,-0.069236644,-0.152020057,,0.63266186
萍乡市,0.717062635,0.702059925,0.882352941,1.29468599,0.456090652,,-0.247277365,-0.397166075,0.068362941,0.13914099,-0.652811348,,0.66908335
孝感市,0.889125233,0.376503399,0.516129032,0.990007138,0.86639839,,-0.075214767,-0.722722601,-0.297860968,-0.165537862,-0.24250361,,0.70291716
黔西南布依族苗族自治州,0.932042834,0.764563994,1.445628215,0.803159174,1.467787115,,-0.032297166,-0.334662006,0.631638215,-0.352385826,0.358885115,,0.764982896
阳江市,1.027242837,0.342612779,0.394273128,1.267702936,1.050704225,,0.062902837,-0.756613221,-0.419716872,0.112157936,-0.058197775,,0.76854897
阿里地区,0.670886076,0.822002866,0.842235414,0.512195122,0.644250266,,-0.293453924,-0.277223134,0.028245414,-0.643349878,-0.464651734,,0.793565975
中山市,0.882629108,0.8791423,0.19047619,0.59435863,1.338768116,,-0.081710892,-0.2200837,-0.62351381,-0.56118637,0.229866116,,0.811651549
山南地区,1.448434622,0.886219127,0.520306797,1.770700637,1.383298755,,0.484094622,-0.213006873,-0.293683203,0.615155637,0.274396755,,0.819679392
邵阳市,1.13283506,1.745589339,0.592592593,0.841336117,0.601057579,,0.16849506,0.646363339,-0.221397407,-0.314208883,-0.507844421,,0.851826142
聊城市,0.885356957,0.944973545,0.153333333,0.885639459,0.53041543,,-0.078983043,-0.154252455,-0.660656667,-0.269905541,-0.57848657,,0.873995085
临沧市,0.875091397,0.418667232,0.977533699,0.731241473,0.655274889,,-0.089248603,-0.680558768,0.163543699,-0.424303527,-0.453627111,,0.883683131
枣庄市,1.125355226,0.367515924,0.434554974,0.709372893,1.086614173,,0.161015226,-0.731710076,-0.379435026,-0.446172107,-0.022287827,,0.904862774
红河哈尼族彝族自治州,1.828070816,0.89797869,1.064168618,1.398207426,0.985318108,,0.863730816,-0.20124731,0.250178618,0.242662426,-0.123583892,,0.923278775
黔南布依族苗族自治州,1.130018821,0.719945355,1.576899879,0.960907945,0.702741703,,0.165678821,-0.379280645,0.762909879,-0.194637055,-0.406160297,,0.956184534
汉中市,0.988027261,0.992092401,0.041216367,0.979775281,1.721822542,,0.023687261,-0.107133599,-0.772773633,-0.175769719,0.612920542,,1.015784367
宜昌市,1.419662309,0.733997155,0.237908497,1.48249453,1.595238095,,0.455322309,-0.365228845,-0.576081503,0.32694953,0.486336095,,1.015999205
眉山市,0.453068366,0.662089872,0.434782609,0.60916442,0.754316069,,-0.511271634,-0.437136128,-0.379207391,-0.54638058,-0.354585931,,1.020547844
平顶山市,0.743411928,0.282916667,0.611302211,0.674867342,0.890607735,,-0.220928072,-0.816309333,-0.202687789,-0.480677658,-0.218294265,,1.034955878
丽江市,0.333188908,1.379830957,0.892795672,0.457524272,1.426666667,,-0.631151092,0.280604957,0.078805672,-0.698020728,0.317764667,,1.071508497
漯河市,0.561665357,0.479400749,1,0.516516517,0.814159292,,-0.402674643,-0.619825251,0.18601,-0.639028483,-0.294742708,,1.076160596
广安市,0.633756657,0.244501466,0.898648649,0.844331641,0.701320132,,-0.330583343,-0.854724534,0.084658649,-0.311213359,-0.407581868,,1.109983196
石嘴山市,0.589659991,0.420828905,0.408514952,0.642352941,0.779826464,,-0.374680009,-0.678397095,-0.405475048,-0.513192059,-0.329075536,,1.136674539
广元市,0.799577103,0.895432964,0.122287968,0.479216152,0.726765799,,-0.164762897,-0.203793036,-0.691702032,-0.676328848,-0.382136201,,1.150578901
济宁市,0.765344468,0.510708402,0.133492253,0.603635377,1.257404181,,-0.198995532,-0.588517598,-0.680497747,-0.551909623,0.148502181,,1.175686499
茂名市,0.491962346,1.581477398,0.72,0.791352438,0.332699017,,-0.472377654,0.482251398,-0.09399,-0.364192562,-0.776202983,,1.199668472
来宾市,1.092886433,0.296987785,0.321050945,0.745391705,0.68762475,,0.128546433,-0.802238215,-0.492939055,-0.410153295,-0.42127725,,1.248799498
安阳市,1.273254609,0.380899705,0.431818182,1.118644068,0.395781638,,0.308914609,-0.718326295,-0.382171818,-0.036900932,-0.713120362,,1.267378531
玉溪市,0.305399325,0.680836132,0.436159079,0.410788382,1.220611916,,-0.658940675,-0.418389868,-0.377830921,-0.744756618,0.111709916,,1.319150625
德州市,0.759007585,0.325222755,0.182254197,0.659481503,0.885901639,,-0.205332415,-0.774003245,-0.631735803,-0.496063497,-0.223000361,,1.336140702
黔东南苗族侗族自治州,0.426774604,1.762903133,1.373042045,0.706481481,1.418032787,,-0.537565396,0.663677133,0.559052045,-0.449063519,0.309130787,,1.339202968
德阳市,0.610353781,0.311334825,0.085173502,1.098314607,0.865486726,,-0.353986219,-0.787891175,-0.728816498,-0.057230393,-0.243415274,,1.339778549
湘潭市,0.732821988,0.29343405,0.216346154,0.706546275,0.780760626,,-0.231518012,-0.80579195,-0.597643846,-0.448998725,-0.328141374,,1.369356039
濮阳市,1.447018739,0.30227519,0.12195122,1.003679853,1.047311828,,0.482678739,-0.79695081,-0.69203878,-0.151865147,-0.061590172,,1.373883406
咸阳市,1.00829646,0.188797737,1.385416667,1.458052073,0.740837696,,0.04395646,-0.910428263,0.571426667,0.302507073,-0.368064304,,1.384322089
曲靖市,1.926550178,1.302840353,1.068791946,0.813781321,0.618525896,,0.962210178,0.203614353,0.254801946,-0.341763679,-0.490376104,,1.389502398
资阳市,1.32409688,0.144361319,0.390804598,1.615595075,1.139737991,,0.35975688,-0.954864681,-0.423185402,0.460050075,0.030835991,,1.432874387
咸宁市,0.370104115,0.782570932,0.99,0.359880538,0.538204872,,-0.594235885,-0.316655068,0.17601,-0.795664462,-0.570697128,,1.443143388
塔城地区,1.218259195,1.534883721,1.837404397,1.010915706,0.759896324,,0.253919195,0.435657721,1.023414397,-0.144629294,-0.349005676,,1.444372229
阿勒泰地区,0.31170336,1.125818736,1.379887476,0.329369798,1.265818859,,-0.65263664,0.026592736,0.565897476,-0.826175202,0.156916859,,1.454070076
娄底市,0.562122099,0.191557574,0.869328494,1.009674582,0.441672781,,-0.402217901,-0.907668426,0.055338494,-0.145870418,-0.667229219,,1.45517657
宿迁市,0.996303712,0.926910299,2,1.064353312,0.973107279,,0.031963712,-0.172315701,1.18601,-0.091191688,-0.135794721,,1.46409023
潍坊市,1.789944801,0.549834387,0.905218317,1.475940154,1.728024042,,0.825604801,-0.549391613,0.091228317,0.320395154,0.619122042,,1.477742195
定西市,1.168474609,0.506757928,0.503635891,0.726072607,2.025,,0.204134609,-0.592468072,-0.310354109,-0.429472393,0.916098,,1.51269111
阿克苏地区,1.799491925,0.437747036,0.511299975,1.359605911,0.60219452,,0.835151925,-0.661478964,-0.302690025,0.204060911,-0.50670748,,1.525047735
开封市,1.255374724,0.466860889,0.013888889,0.560695927,0.813370474,,0.291034724,-0.632365111,-0.800101111,-0.594849073,-0.295531526,,1.565932935
西双版纳傣族自治州,0.201940986,0.642384643,0.352084039,0.448702101,0.7575,,-0.762399014,-0.456841357,-0.461905961,-0.706842899,-0.351402,,1.626423647
临夏回族自治州,0.491509208,0.04990265,0.663765542,0.695424837,0.829015544,,-0.472830792,-1.04932335,-0.150224458,-0.460120163,-0.279886456,,1.637262832
遂宁市,0.767978804,0.111609399,0.322580645,0.983333333,0.499359795,,-0.196361196,-0.987616601,-0.491409355,-0.172211667,-0.609542205,,1.656625982
六盘水市,1.162256615,1.109055118,1.875,0.719570406,0.543165468,,0.197916615,0.009829118,1.06101,-0.435974594,-0.565736532,,1.675141489
汕尾市,0.581640942,0.208667193,0.401923077,0.364120782,1.069666183,,-0.382699058,-0.890558807,-0.412066923,-0.791424218,-0.039235817,,1.737244449
梧州市,0.425212809,0.506044155,0.23608137,0.468296409,0.557570263,,-0.539127191,-0.593181845,-0.57790863,-0.687248591,-0.551331737,,1.752778523
商洛市,0.594225517,0.861092991,1.995327103,0.981549815,0.711895911,,-0.370114483,-0.238133009,1.181337103,-0.173995185,-0.397006089,,1.77713757
南充市,1.954135155,0.486939165,0.266666667,1.686996548,1.183673469,,0.989795155,-0.612286835,-0.547323333,0.531451548,0.074771469,,1.942183968
贺州市,0.365256125,0.359396151,0.179982441,0.61971831,0.505344995,,-0.599083875,-0.739829849,-0.634007559,-0.53582669,-0.603557005,,1.95960658
青岛市,1.472982976,1.441245136,0.380297824,1.338693957,2.279583875,,0.508642976,0.342019136,-0.433692176,0.183148957,1.170681875,,1.967823263
渭南市,1.56980579,0.923515297,1.058633674,1.085436893,2.342756184,,0.60546579,-0.175710703,0.244643674,-0.070108107,1.233854184,,1.984624894
未定权属岛屿市,1,0.000406174,1,1,0.252192982,,0.03566,-1.098819826,0.18601,-0.155545,-0.856709018,,2.001420954
云浮市,1.174471299,2.325047199,0.418439716,0.804038005,0.65379113,,0.210131299,1.225821199,-0.395550284,-0.351506995,-0.45511087,,2.033935874
宣城市,1.80270793,1.302515801,1.732394366,1.818584071,1.254054054,,0.83836793,0.203289801,0.918404366,0.663039071,0.145152054,,2.048344038
固原市,1.1771175,1.916918937,0.146716669,0.761904762,0.25,,0.2127775,0.817692937,-0.667273331,-0.393640238,-0.858902,,2.051814984
平凉市,1.30676172,1.131182796,0.049948524,1.68457539,0.072877847,,0.34242172,0.031956796,-0.764041476,0.52903039,-1.036024153,,2.055252448
楚雄彝族自治州,0.764394256,1.429800587,2.181911088,1.417582418,1.390022676,,-0.199945744,0.330574587,1.367921088,0.262037418,0.281120676,,2.168158405
毕节市,2.246402878,1.670906656,0.620786517,1.525697504,0.933078394,,1.282062878,0.571680656,-0.193203483,0.370152504,-0.175823606,,2.175758398
德宏傣族景颇族自治州,0.496695839,0.404148179,0.174257426,0.461883408,0.334093501,,-0.467644161,-0.695077821,-0.639732574,-0.693661592,-0.774808499,,2.19257662
安康市,0.330582243,1.492941749,0.019160417,0.289517471,0.596452328,,-0.633757757,0.393715749,-0.794829583,-0.866027529,-0.512449672,,2.2010234
宁德市,0.976960388,0.56257918,1.390243902,0.548926014,2.217712177,,0.012620388,-0.53664682,0.576253902,-0.606618986,1.108810177,,2.217664247
黄南藏族自治州,0.354534747,0.483197961,0.692921719,0.550724638,0.044170891,,-0.609805253,-0.616028039,-0.121068281,-0.604820362,-1.064731109,,2.265470526
三亚市,0.336529243,1.795819936,0.219512195,0.341796875,0.493006993,,-0.627810757,0.696593936,-0.594477805,-0.813748125,-0.615895007,,2.274305989
重庆市(市辖区),0.353232342,0.239451012,0.213224822,0.504940588,0.442700548,,-0.611107658,-0.859774988,-0.600765178,-0.650604412,-0.666201452,,2.340694874
省直辖行政单位,0.818852027,0.102314251,0.000260896,0.758037225,0.39246391,,-0.145487973,-0.996911749,-0.813729104,-0.397507775,-0.71643809,,2.348450808
周口市,1.023340743,0.103032178,0.002328289,0.878386894,0.287292818,,0.059000743,-0.996193822,-0.811661711,-0.277158106,-0.821609182,,2.406536216
淄博市,0.400959475,0.851490515,1.773700306,0.520455354,0.218213058,,-0.563380525,-0.247735485,0.959710306,-0.635089646,-0.890688942,,2.496480007
安顺市,0.35035461,0.192894436,0.623125493,0.265934066,0.38973384,,-0.61398539,-0.906331564,-0.190864507,-0.889610934,-0.71916816,,2.543454678
博尔塔拉蒙古自治州,0.251010328,0.360087582,0.420896281,0.206140351,1.79590708,,-0.713329672,-0.739138418,-0.393093719,-0.949404649,0.68700508,,2.583032661
商丘市,0.670556326,0.084632192,0.001567398,0.825477327,0.266738661,,-0.293783674,-1.014593808,-0.812422602,-0.330067673,-0.842163339,,2.593923684
亳州市,0.833147632,0.031046293,0.022988506,0.738843617,0.305330243,,-0.131192368,-1.068179707,-0.791001494,-0.416701383,-0.803571757,,2.603270298
自贡市,0.510319836,0.241295052,0.34939759,0.210057471,0.358361775,,-0.454020164,-0.857930948,-0.46459241,-0.945487529,-0.750540225,,2.615283225
上饶市,1.339049104,1.101003382,1.137870855,1.683150183,2.56063907,,0.374709104,0.001777382,0.323880855,0.527605183,1.45173707,,2.631216631
北海市,0.896931927,0.106140853,0.288990826,1.101612903,2.296825397,,-0.067408073,-0.993085147,-0.524999174,-0.053932097,1.187923397,,2.680456758
焦作市,0.410626665,0.668103448,2.037037037,0.570893526,0.51531151,,-0.553713335,-0.431122552,1.223047037,-0.584651474,-0.59359049,,2.682476183
张家界市,0.235488563,0.976585546,0.398230088,0.187884524,0.089409515,,-0.728851437,-0.122640454,-0.415759912,-0.967660476,-1.019492485,,2.694853126
昭通市,1.855482061,0.862859687,2.171291355,1.140449438,0.932668329,,0.891142061,-0.236366313,1.357301355,-0.015095562,-0.176233671,,2.723556358
梅州市,1.163043478,1.746945211,2.217021277,1.006294964,0.525914634,,0.198703478,0.647719211,1.403031277,-0.149250036,-0.582987366,,2.789669854
东莞市,0.05722743,0.026767152,0.134328358,1.247229327,0.474358974,,-0.90711257,-1.072458848,-0.679661642,0.091684327,-0.634543026,,2.846012011
泉州市,0.759820813,0.307826529,1.078740157,2.60483871,1.384047267,,-0.204519187,-0.791399471,0.264750157,1.44929371,0.275145267,,2.914391041
果洛藏族自治州,0.01521217,1.258540373,1.837156417,0.191588785,0.862118418,,-0.94912783,0.159314373,1.023166417,-0.963956215,-0.246783582,,2.963207945
克孜勒苏柯尔克孜自治州,0.084620822,0.228458011,1.249719306,0.164600551,0.507869771,,-0.879719178,-0.870767989,0.435729306,-0.990944449,-0.601032229,,3.065213392
和田地区,0.312967581,0.713598544,2.25080032,0.471593533,1.150024554,,-0.651372419,-0.385627456,1.43681032,-0.683951467,0.041122554,,3.106899132
鹤壁市,0.298861789,0.154296875,0.061302682,0.276846679,0.398119122,,-0.665478211,-0.944929125,-0.752687318,-0.878698321,-0.710782878,,3.179613538
深圳市,0.013686131,0.041220506,0.118110236,1.354503464,0.29784689,,-0.950653869,-1.058005494,-0.695879764,0.198958464,-0.81105511,,3.204761911
襄樊市,2.049186603,0.635381936,2.144444444,1.349458484,1.296722254,,1.084846603,-0.463844064,1.330454444,0.193913484,0.187820254,,3.235031383
铜川市,0.336753306,0.42150478,1.483146067,0.133505155,0.138263666,,-0.627586694,-0.67772122,0.669156067,-1.022039845,-0.970638334,,3.287645174
淮南市,2.325740319,1.164835165,0.888888889,1.908127208,2.051915946,,1.361400319,0.065609165,0.074898889,0.752582208,0.943013946,,3.318980517
肇庆市,0.656865628,2.190423007,2.128,0.652201258,1.417382999,,-0.307474372,1.091197007,1.31401,-0.503343742,0.308480999,,3.360389128
甘孜藏族自治州,1.231319555,1.561231184,1.870792793,1.097264438,2.56199187,,0.266979555,0.462005184,1.056802793,-0.058280562,1.45308987,,3.516425809
柳州市,0.516219891,1.13687953,2.422377622,0.497701149,0.557478368,,-0.448120109,0.03765353,1.608387622,-0.657843851,-0.551423632,,3.525966717
克拉玛依市,0.802385009,2.763245033,0.292529872,1.310551559,0.440894569,,-0.161954991,1.664019033,-0.521460128,0.155006559,-0.668007431,,3.537370389
厦门市,0.134934498,0.071676971,0.115853659,0.464037123,0.195369848,,-0.829405502,-1.027549029,-0.698136341,-0.691507877,-0.913532152,,3.543888984
济源市,0.049180328,0.548639736,0.192825112,0.100843418,0.114844227,,-0.915159672,-0.550586264,-0.621164888,-1.054701582,-0.994057773,,3.627054561
新余市,0.267488837,0.145662044,0.187165775,0.274273565,0.072691976,,-0.696851163,-0.953563956,-0.626824225,-0.881271435,-1.036210024,,3.638164926
佛山市,0.992982456,1.390367554,1.225,2.266318538,2.587692308,,0.028642456,0.291141554,0.41101,1.110773538,1.478790308,,3.675151641
银川市,0.112416195,0.082094711,0.125671491,0.219235033,0.349962207,,-0.851923805,-1.017131289,-0.688318509,-0.936309967,-0.758939793,,3.686778562
迪庆藏族自治州,0.800578035,1.540187377,2.464850136,1.25,0.19269103,,-0.163761965,0.440961377,1.650860136,0.094455,-0.91621097,,3.794968395
鄂州市,0.082324228,0.016934535,0.098958333,0.169359041,0.367836517,,-0.882015772,-1.082291465,-0.715031667,-0.986185959,-0.741065483,,3.982317716
省直辖县,0.332329317,0.11538216,0.050589011,0.049327354,0.164179104,,-0.632010683,-0.98384384,-0.763400989,-1.106217646,-0.944722896,,4.066386105
福州市,0.121338912,0.083809493,0.05112184,0.155591951,0.23228678,,-0.843001088,-1.015416507,-0.76286816,-0.999953049,-0.87661522,,4.092049689
菏泽市,1.787904844,2.714723926,0.111111111,1.409704852,0.456658786,,0.823564844,1.615497926,-0.702878889,0.254159852,-0.652243214,,4.272149775
南宁市,0.155707252,0.073189152,0.042711622,0.137290837,0.124845774,,-0.808632748,-1.026036848,-0.771278378,-1.018254163,-0.984056226,,4.306717066
西宁市,0.253851382,0.084369533,0.005081792,0.164254248,0.002223694,,-0.710488618,-1.014856467,-0.808908208,-0.991290752,-1.106678306,,4.396454443
湛江市,2.906542056,0.657353793,1.25,1.654103853,1.231279251,,1.942202056,-0.441872207,0.43601,0.498558853,0.122377251,,4.421041715
海口市,0.095963303,0.03454002,0.131329114,0.157306857,0.067104646,,-0.868376697,-1.06468598,-0.682660886,-0.998238143,-1.041797354,,4.435481327
昆明市,0.069708913,0.044324918,0.079038559,0.145238914,0.100079586,,-0.894631087,-1.054901082,-0.734951441,-1.010306086,-1.008822414,,4.491775746
南昌市,0.091129224,0.010765204,0.047788397,0.095979636,0.151211802,,-0.873210776,-1.088460796,-0.766201603,-1.059565364,-0.957690198,,4.574158135
拉萨市,0.123925825,0.022043746,0.025200325,0.187177598,0.029831824,,-0.840414175,-1.077182254,-0.788789675,-0.968367402,-1.079070176,,4.590934615
西安市,0.074403667,0.042958831,0.008246085,0.166786034,0.067599569,,-0.889936333,-1.056267169,-0.805743915,-0.988758966,-1.041302431,,4.61886531
嘉峪关市,0.023600185,0.009428033,0.00969263,0.160090192,0.12972973,,-0.940739815,-1.089797967,-0.80429737,-0.995454808,-0.97917227,,4.669253878
武汉市,0.059168242,0.011254181,0.012740329,0.112504793,0.122135433,,-0.905171758,-1.087971819,-0.801249671,-1.043040207,-0.986766567,,4.706660757
贵阳市,0.059224111,0.037880704,0.035820526,0.107488746,0.075242718,,-0.905115889,-1.061345296,-0.778169474,-1.048056254,-1.033659282,,4.718109761
海东市,1.499549955,1.629935311,2.208787784,0.94106814,2.580645161,,0.535209955,0.530709311,1.394797784,-0.21447686,1.471743161,,4.725591184
湘西土家族苗族自治州,1.018351801,2.896419214,1.821052632,0.568965517,0.738768719,,0.054011801,1.797193214,1.007062632,-0.586579483,-0.370133281,,4.728070002
长沙市,0.067868283,0.049293092,0.012705427,0.116533759,0.051317979,,-0.896471717,-1.049932908,-0.801284573,-1.039011241,-1.057584021,,4.746105938
成都市,0.063110882,0.014849089,0.000452595,0.155982517,0.057248444,,-0.901229118,-1.084376911,-0.813537405,-0.999562483,-1.051653556,,4.755030677
济南市,0.047339241,0.057012895,0.128182616,0.059733207,0.031559964,,-0.917000759,-1.042213105,-0.685807384,-1.095811793,-1.077342036,,4.758899662
思茅市,2.673721915,2.207267455,0.552094818,1.888020833,1.259813084,,1.709381915,1.108041455,-0.261895182,0.732475833,0.150911084,,4.777626485
常德市,1.424116424,1.235561619,2.929487179,1.411566913,0.879480193,,0.459776424,0.136335619,2.115497179,0.256021913,-0.229421807,,4.823491663
郑州市,0.040923245,0.026367617,0.072758378,0.078433857,0.047246116,,-0.923416755,-1.072858383,-0.741231622,-1.077111143,-1.061655884,,4.84042956
广州市,0.032689905,0.025364238,0.011476059,0.08993557,0.063465951,,-0.931650095,-1.073861762,-0.802513941,-1.06560943,-1.045436049,,4.893639599
兰州市,0.053670497,0.017385227,0.053732883,0.084274037,0.016473731,,-0.910669503,-1.081840773,-0.760257117,-1.071270963,-1.092428269,,4.918710285
荆州市,1.551775813,0.599814729,0.133004926,1.453835227,3.099673964,,0.587435813,-0.499411271,-0.680985074,0.298290227,1.990771964,,5.110383194
乌鲁木齐市,0.015410316,0.008992405,0.015530607,0.051579835,0.008264463,,-0.948929684,-1.090233595,-0.798459393,-1.103965165,-1.100637537,,5.156756313
伊犁哈萨克自治州,2.984078383,1.559300419,1.113326221,1.556730769,0.302014378,,2.019738383,0.460074419,0.299336221,0.401185769,-0.806887622,,5.192631437
铜仁市,1.642567568,2.907065563,1.74522293,2.046511628,1.741463415,,0.678227568,1.807839563,0.93123293,0.890966628,0.632561415,,5.789426765
莱芜市,0.299834346,0.484926787,2.847457627,0.503138075,0.300373134,,-0.664505654,-0.614299213,2.033467627,-0.652406925,-0.808528866,,6.0332756
芜湖市,2.092235539,1.305709024,2.794871795,1.660996355,1.863834423,,1.127895539,0.206483024,1.980881795,0.505451355,0.754932423,,6.064080307
南平市,1.30874722,3.43470463,1.096703297,0.628892734,0.675977654,,0.34440722,2.33547863,0.282713297,-0.526652266,-0.432924346,,6.11778967
巴中市,3.194499018,0.626011561,0.070007955,1.832061069,0.684053651,,2.230159018,-0.473214439,-0.743982045,0.676516069,-0.424848349,,6.389220543
泰安市,0.598666229,1.819956616,3.072072072,0.707870165,0.309746792,,-0.365673771,0.720730616,2.258082072,-0.447674835,-0.799155208,,6.591166377
恩施土家族苗族自治州,1.782198953,3.303339518,1.719197708,1.268124281,0.53279425,,0.817858953,2.204113518,0.905207708,0.112579281,-0.57610775,,6.690984894
景德镇市,0.332140301,3.227382388,0.551886792,0.302916978,0.123642732,,-0.632199699,2.128156388,-0.262103208,-0.852628022,-0.985259268,,6.695134533
钦州市,2.318281136,1.298414305,2.635193133,2.408955224,1.229647631,,1.353941136,0.199188305,1.821203133,1.253410224,0.120745631,,6.77523013
汕头市,2.088235294,1.383537653,3.192307692,1.377495463,0.785542169,,1.123895294,0.284311653,2.378317692,0.221950463,-0.323359831,,7.154192382
陇南市,0.687443467,4.040526676,0.726557462,0.680717489,1.20123839,,-0.276896533,2.941300676,-0.087432538,-0.474827511,0.09233639,,8.969552979
内江市,1.007162262,0.764439411,4,1.051312649,0.917737789,,0.042822262,-0.334786589,3.18601,-0.104232351,-0.191164211,,10.31198366
宜宾市,2.021835268,2.207928803,3.725,1.266015201,1.068783069,,1.057495268,1.108702803,2.91101,0.110470201,-0.040118931,,10.83531056
张掖市,0.697555086,0.998211091,2.021607838,0.694409938,4.240350877,,-0.266784914,-0.101014909,1.207617838,-0.461135062,3.131448877,,11.55833666
大理白族自治州,2.728599222,1.794604498,2.919153032,2.312169312,2.910596026,,1.764259222,0.695378498,2.105163032,1.156624312,1.801694026,,12.61175441
省直辖行政单位,0.922625165,0.197117508,0.062184874,1.055755396,4.543771044,,-0.041714835,-0.902108492,-0.751805126,-0.099789604,3.434869044,,13.18903412
重庆市(县),1.83516144,3.180619984,3.707061069,0.919662244,1.266516093,,0.87082144,2.081393984,2.893071069,-0.235882756,0.157614093,,13.54087398
岳阳市,0.790356394,0.473754975,0.243451464,0.905172414,4.677103718,,-0.173983606,-0.625471025,-0.570538536,-0.250372586,3.568201718,,13.54174845
六安市,1.60796896,4.692227979,0.403587444,1.680473373,1.103569152,,0.64362896,3.593001979,-0.410402556,0.524928373,-0.005332848,,13.76792995
株洲市,0.741436727,1.144800885,4.565217391,0.58531124,0.768637532,,-0.222903273,0.045574885,3.751227391,-0.57023376,-0.340264468,,14.56441633
天水市,1.029983271,4.849349039,0.147551802,1.012910798,0.77173913,,0.065643271,3.750123039,-0.666438198,-0.142634202,-0.33716287,,14.64589504
雅安市,0.186162451,1.424032922,4.604395604,0.29746349,0.983823529,,-0.778177549,0.324806922,3.790405604,-0.85808151,-0.125078471,,15.83018298
铜陵市,3.481481481,2.17721519,2.666666667,2.284280936,3.115727003,,2.517141481,1.07798919,1.852676667,1.128735936,2.006825003,,16.23186417
河源市,1.442779292,4.876327976,2.208737864,1.384057971,1.446404342,,0.478439292,3.777101976,1.394747864,0.228512971,0.337502342,,16.60685111
防城港市,0.736475629,4.015551048,3.744,0.475290698,0.570242215,,-0.227864371,2.916325048,2.93001,-0.680254302,-0.538659785,,17.89473284
哈密地区,1.711516534,3.036262204,4.451746217,1.072438163,1.799426934,,0.747176534,1.937036204,3.637756217,-0.083106837,0.690524934,,18.02738375
吐鲁番地区,0.926673751,0.431537767,5.059169856,0.498188406,1.264492754,,-0.037666249,-0.667688233,4.245179856,-0.657356594,0.155590754,,18.9251045
潮州市,2.908602151,4.864444444,1.514285714,0.491638796,0.70941337,,1.944262151,3.765218444,0.700295714,-0.663906204,-0.39948863,,19.04780195
遵义市,2.732242789,4.356952584,1.585139319,2.125603865,3.483443709,,1.767902789,3.257726584,0.771149319,0.970058865,2.374541709,,20.91239657
河池市,2.287286064,2.360003276,5.084690554,1.483592401,1.926923077,,1.322946064,1.260777276,4.270700554,0.328047401,0.818021077,,22.35540243
泸州市,5.466666667,1.061445148,0.871056241,2.748691099,1.867986799,,4.502326667,-0.037780852,0.057066241,1.593146099,0.759084799,,23.38995359
揭阳市,2.442592593,1.453631795,5.396226415,1.874157303,1.350674374,,1.478252593,0.354405795,4.582236415,0.718612303,0.241772374,,23.88258228
黄石市,0.390702703,1.755341144,5.611111111,0.327746741,0.276669327,,-0.573637297,0.656115144,4.797121111,-0.827798259,-0.832232673,,25.14977897
凉山彝族自治州,5.638064516,0.61822993,0.187496388,2.950413223,0.57596192,,4.673724516,-0.48099607,-0.626493612,1.794868223,-0.53294008,,25.97312939
达州市,1.775237274,6.0775,2.052631579,1.265285996,1.597647059,,0.810897274,4.978274,1.238641579,0.109740996,0.488745059,,27.22591419
中卫市,0.752960526,0.274131274,5.736297828,0.926035503,3.270491803,,-0.211379474,-0.825094726,4.922307828,-0.229509497,2.161589803,,29.67972203
珠海市,6.066666667,0.655211913,0.604651163,0.458684654,3.44214876,,5.102326667,-0.444014087,-0.209338837,-0.696860346,2.33324676,,32.20436346
怒江傈僳族自治州,0.373875495,1.413856209,3.501908397,0.254761905,6.163822526,,-0.590464505,0.314630209,2.687918397,-0.900783095,5.054920526,,34.03617751
百色市,1.858836504,3.352732294,6.178700361,0.655667145,1.51026393,,0.894496504,2.253506294,5.364710361,-0.499877855,0.40136193,,35.06950114
庆阳市,2.680905816,6.576879271,0.232098208,2.217455621,0.029520295,,1.716565816,5.477653271,-0.581891792,1.061910621,-1.079381705,,35.58260065
马鞍山市,2.632796781,4.03196347,5.625,2.011848341,1.711743772,,1.668456781,2.93273747,4.81101,0.856303341,0.602841772,,35.62718793
武威市,0.833208396,0.715162363,6.675784753,0.878995434,2.680751174,,-0.131131604,-0.384063637,5.861794753,-0.276549566,1.571849174,,37.07252759
江门市,4.109347443,6.368227732,1.531914894,0.671616219,1.536162582,,3.145007443,5.269001732,0.717924894,-0.483928781,0.427260582,,38.58560589
合肥市,1.499731231,2.170040486,7.384615385,1.545454545,1.769191919,,0.535391231,1.070814486,6.570625385,0.389909545,0.660289919,,45.19441761
许昌市,1.20216267,0.967509025,7.6,1.182310469,0.48608137,,0.23782267,-0.131716975,6.78601,0.026765469,-0.62282063,,46.51246263
海南省,1.397307692,1.603828769,0.623350254,5.171009772,6.610852713,,0.432967692,0.504602769,-0.190639746,4.015464772,5.501950713,,46.87384748
日喀则市,2.698296837,2.151509434,6.762079568,1.019455253,4.564713458,,1.733956837,1.052283434,5.948089568,-0.136089747,3.455811458,,51.4548295
昌吉回族自治州,7.396540253,3.675626005,0.669774924,2.449526814,2.871019108,,6.432200253,2.576400005,-0.144215076,1.293981814,1.762117108,,52.8112807
白银市,4.660467906,0.988357843,6.877153218,2.857142857,1.266055046,,3.696127906,-0.110868157,6.063163218,1.701597857,0.157153046,,53.35573381
三沙市,1,0.013452915,1,1,8.335714286,,0.03566,-1.085773085,0.18601,-0.155545,7.226812286,,53.46578461
巴音郭楞蒙古自治州,1.97277937,5.801390096,5.101231127,2.759312321,4.743455497,,1.00843937,4.702164096,4.287241127,1.603767321,3.634553497,,57.28978237
清远市,1.78460858,3.171687243,8.161849711,1.543507363,1.052914798,,0.82026858,2.072461243,7.347859711,0.387962363,-0.055987202,,59.11262784
益阳市,2.501675978,0.821162022,0.458100559,2.563591022,8.56684492,,1.537335978,-0.278063978,-0.355889441,1.408046022,7.45794292,,60.17088497
韶关市,2.596532703,5.519612971,6.963636364,0.416463712,0.572895277,,1.632192703,4.420386971,6.149646364,-0.739081288,-0.536006723,,60.85556875
乐山市,1.002201027,8.551186944,4.3125,0.955257271,1.789325843,,0.037861027,7.451960944,3.49851,-0.200287729,0.680423843,,68.27581936
莆田市,3.71192053,3.77462888,8.263157895,1.034257749,1.75872093,,2.74758053,2.67540288,7.449167895,-0.121287251,0.64981893,,70.6340569
贵州省,7.838107241,2.472801426,1.252839887,6.539962825,2.562154696,,6.873767241,1.373575426,0.438849887,5.384417825,1.453252696,,80.43187347
三明市,2.571301248,9.839113336,3.416107383,1.135303266,1.120661157,,1.606961248,8.739887336,2.602117383,-0.020241734,0.011759157,,85.73951797
重庆市,3.863932702,3.481088702,9.272556391,3.102371542,1.506556763,,2.899592702,2.381862702,8.458566391,1.946826542,0.397654763,,89.57651606
烟台市,2.002088305,9.722222222,4.409302326,1.895186335,0.277858779,,1.037748305,8.622996222,3.595312326,0.739641335,-0.831043221,,89.59695825
南阳市,5.965725047,1.708447205,1.173389524,4.065030675,8.970967742,,5.001385047,0.609221205,0.359399524,2.909485675,7.862065742,,95.79135551
十堰市,2.064643058,10.80165289,2.62116041,1.167553191,1.055930569,,1.100303058,9.702426893,1.80717041,0.012008191,-0.052971431,,98.61656948
海西蒙古族藏族自治州,3.01980198,1.388001638,0.647744979,10.92028986,1.306566392,,2.05546198,0.288775638,-0.166245021,9.764744855,0.197664392,,99.72526602
宝鸡市,3.704560926,5.819677526,2.549242424,3.751879699,8.906976744,,2.740220926,4.720451526,1.735252424,2.596334699,7.798074744,,100.3534979
吴忠市,4.071710008,7.48241206,8.163760897,1.532258065,0.682008368,,3.107370008,6.38318606,7.349770897,0.376713065,-0.426893632,,104.7440958
玉树藏族自治州,10.68421053,2.008636644,2.756463801,2.976744186,2.938688213,,9.719870526,0.909410644,1.942473801,1.821199186,1.829786213,,105.7409993
绵阳市,1.756427246,7.063473054,9.388888889,1.423599321,2.204918033,,0.792087246,5.964247054,8.574898889,0.268054321,1.096016033,,111.0016403
东营市,0.939291737,0.59375,0.870445344,1.181561618,11.67961165,,-0.025048263,-0.505476,0.056455344,0.026016618,10.57070965,,111.9999
郴州市,0.998437849,2.267556988,11.37037037,1.128254581,0.3075,,0.034097849,1.168330988,10.55638037,-0.027290419,-0.801402,,113.4463164
新乡市,3.898741106,8.873417722,2.5625,4.059340659,7.417322835,,2.934401106,7.774191722,1.74851,2.903795659,6.308420835,,120.3342566
延安市,0.630288238,10.4473342,6.84992343,0.514101058,0.629518072,,-0.334051762,9.3481082,6.03593343,-0.641443942,-0.479383928,,124.5724692
那曲地区,0.051526718,0.115851409,10.2886353,0.585714286,7.763868066,,-0.912813282,-0.983374591,9.474645304,-0.569830714,6.654966066,,136.1824377
衡阳市,2.571428571,3.530598743,12.46067416,1.987408185,2.449712644,,1.607088571,2.431372743,11.64668416,0.831863185,1.340810644,,146.6293285
喀什地区,12.34515366,2.306562781,0.285671488,8.035294118,2.593716833,,11.38081366,1.207336781,-0.528318512,6.879749118,1.484814833,,180.7953252
甘南藏族自治州,0.486473312,13.29541596,9.342168675,0.402214022,1.465625,,-0.477866688,12.19618996,8.528178675,-0.753330978,0.356723,,222.3999965
临沂市,11.65685373,5.215302491,1.688128773,6.926680244,9.525,,10.69251373,4.116076491,0.874138773,5.771135244,8.416098,,236.1727616
海北藏族自治州,0.245186522,0.859783651,4.670616448,0.26459144,17.2625,,-0.719153478,-0.239442349,3.856626448,-0.89095356,16.153598,,277.1806085
滨州市,0.8237444,0.375142531,18.31818182,0.961032635,3.536211699,,-0.1405956,-0.724083469,17.50419182,-0.194512365,2.427309699,,312.8704626
赣州市,4.778020378,15.66523911,9.93258427,6.367758186,4.983783784,,3.813680378,14.56601311,9.11859427,5.212213186,3.874881784,,352.0435327
黄冈市,0.78160697,8.074708171,19.46153846,0.949013949,0.452671181,,-0.18273303,6.975482171,18.64754846,-0.206531051,-0.656230819,,396.8951005
林芝地区,15.24528302,18.77164439,0.082284189,2.035294118,0.356875234,,14.28094302,17.67241839,-0.731705811,0.879749118,-0.752026766,,518.1346015
攀枝花市,0.348484848,6.414201183,25.20689655,0.503373819,0.961904762,,-0.615855152,5.314975183,24.39290655,-0.652171181,-0.146997238,,624.0890642
山东省,16.69393101,1.147548426,10.36731634,17.87860963,6.953911807,,15.72959101,0.048322426,9.553326342,16.72306463,5.845009807,,652.5134428
海南藏族自治州,4.166666667,1.273895847,2.207296849,2.6,26.67213115,,3.202326667,0.174669847,1.393306849,1.444455,25.56322915,,667.7918443
九江市,4.723446894,4.378950187,5.066037736,2.489981785,28.85093168,,3.759106894,3.279724187,4.252047736,1.334436785,27.74202968,,814.3683175
荆门市,8.58722919,26.58333333,11.22222222,4.187311178,3.020656136,,7.62288919,25.48410733,10.40823222,3.031766178,1.911754136,,828.7258742
宁夏回族自治区,31.34146341,0.854603128,0.191222495,2.24437299,0.164273335,,30.37712341,-0.244622872,-0.622767505,1.08882799,-0.944628665,,925.2951764
云南省,12.96312214,15.6420786,8.705837174,14.38413098,20.69135802,,11.99878214,14.5428526,7.891847174,13.22858598,19.58245602,,976.2146576
福建省,5.389097744,11.94711264,29.80672269,6.65843949,6.009359251,,4.424757744,10.84788664,28.99273269,5.50289449,4.900457251,,1032.130003
江西省,19.12396694,12.10785609,6.492690058,27.29497908,15.90886288,,18.15962694,11.00863009,5.678700058,26.13943408,14.79996088,,1385.518477
榆林市,2.89745509,0.582572119,39.20035778,1.920581655,1.251040222,,1.93311509,-0.516653881,38.38636778,0.765036655,0.142138222,,1478.122581
池州市,0.231145717,29.58974359,37,0.347894737,1.061963775,,-0.733194283,28.49051759,36.18601,-0.807650263,-0.046938225,,2122.328988
四川省,4.241027578,7.705227078,47.42953194,5.626396467,6.885370205,,3.276687578,6.606001078,46.61554194,4.470851467,5.776468205,,2280.74078
酒泉市,0.641475112,0.278244335,44.21105193,0.650712831,30.97142857,,-0.322864888,-0.820981665,43.39706193,-0.504832169,29.86252657,,2776.108586
广东省,13.20920785,9.125709113,5.905092593,33.47439759,52.18243243,,12.24486785,8.026483113,5.091102593,32.31885259,51.07353043,,3893.294289
三门峡市,0.926522043,65.4796748,1,1.158273381,1.690217391,,-0.037817957,64.3804488,0.18601,0.002728381,0.581315391,,4145.216152
陕西省,74.16109046,1.736475541,1.345715531,62.22413793,0.487664042,,73.19675046,0.637249541,0.531725531,61.06859293,-0.621237958,,9088.212076
金昌市,16.41176471,101.75,18.50420168,1.776397516,9.083333333,,15.44742471,100.650774,17.69021168,0.620852516,7.974431333,,10746.12184
湖南省,9.877625716,37.49296923,196.8108108,15.67059815,8.506319703,,8.913285716,36.39374323,195.9968208,14.51505315,7.397417703,,40084.11353
新疆维吾尔自治区,16.8853573,86.1222009,67.69488012,23.11975117,190.3015075,,15.9210173,85.0229749,66.88089012,21.96420617,189.1926055,,48231.70686
驻马店市,1.111292454,3.691489362,224.5,0.957431713,1.751871658,,0.146952454,2.592263362,223.68601,-0.198113287,0.642969658,,50042.62515
洛阳市,1.040852291,15.10534591,227.7777778,1.421493371,1.560891938,,0.076512291,14.00611991,226.9637878,0.265948371,0.451989938,,51709.01323
湖北省,114.0918221,97.46541353,51.28235294,63.47330961,165.25,,113.1274821,96.36618753,50.46836294,62.31776461,164.141098,,55457.1288
河南省,9.81237477,60.09977064,233.4186047,10.96973962,13.58752166,,8.84803477,59.00054464,232.6046147,9.81419462,12.47861966,,57916.29311
甘肃省,26.62055336,3.854791868,249.7576112,18.41758242,29.18441558,,25.65621336,2.755565868,248.9436212,17.26203742,28.07551358,,63724.97338
信阳市,1.184564706,5.590319793,289,1.131710809,4.502063274,,0.220224706,4.491093793,288.18601,-0.023834191,3.393161274,,83082.90889
西藏自治区,8.00482509,9.623844399,279.7867728,9.753623188,299.1867816,,7.04048509,8.524618399,278.9727828,8.598078188,298.0778796,,166872.4004
青海省,13.33081571,29.42224682,357.9393768,279.2727273,549,,12.36647571,28.32302082,357.1253868,278.1171823,547.891098,,506027.4874
省直辖县级行政单位,1,1089.333333,1,1,2.288774636,,0.03566,1088.234107,0.18601,-0.155545,1.179872636,,1184254.925
阿坝藏族羌族自治州,0.194891641,36.15641026,1585.828571,0.270746018,1.881226054,,-0.769448359,35.05718426,1585.014581,-0.884798982,0.772324054,,2513502.201
广西壮族自治区,1,66672,1,1,112.7478261,,0.03566,66670.90077,0.18601,-0.155545,111.6389241,,4445021473
